{"name":"ebf08bc4-747e-4168-bca7-063ee3e608e1","id":"/providers/Microsoft.Flow/flows/ebf08bc4-747e-4168-bca7-063ee3e608e1","type":"Microsoft.Flow/flows","properties":{"apiId":"/providers/Microsoft.PowerApps/apis/shared_logicflows","displayName":"Challenge 4 - Alba PI - Snapshot","definition":{"metadata":{"workflowEntityId":null,"flowclientsuspensionreason":"None","flowclientsuspensiontime":null,"creator":{"id":"59deb473-cdfe-44b0-9133-6887cebe66d9","type":"User","tenantId":"982895f5-72ca-418a-a1ef-d484e6515fd5"},"provisioningMethod":"FromDefinition","failureAlertSubscription":true,"clientLastModifiedTime":"2020-09-18T07:58:18.8695214Z"},"$schema":"https://schema.management.azure.com/providers/Microsoft.Logic/schemas/2016-06-01/workflowdefinition.json#","contentVersion":"1.0.0.0","parameters":{"$connections":{"defaultValue":{},"type":"Object"},"$authentication":{"defaultValue":{},"type":"SecureObject"}},"triggers":{"manual":{"type":"Request","kind":"Button","inputs":{"schema":{"type":"object","properties":{},"required":[]}}}},"actions":{"Initialise_tag":{"runAfter":{"Initialise_dsn":["Succeeded"]},"type":"InitializeVariable","inputs":{"variables":[{"name":"oilvol_tag","type":"string","value":"ALB-FLC_K0801A.PV"}]},"description":"Initialise and declare tag variable so we can reuse it later down the line (flow)."},"Initialise_dsn":{"runAfter":{},"type":"InitializeVariable","inputs":{"variables":[{"name":"dsn","type":"string","value":"7404BBBA5A773C7AC89411978E9B7F415B939B0DBC6B3C5B17AD59251D587B6A.Alba PI Historian"}]},"description":"Declare and initialise data source name variable."},"Initialise_limit":{"runAfter":{"Initialise_tag":["Succeeded"]},"type":"InitializeVariable","inputs":{"variables":[{"name":"limit","type":"integer","value":5}]},"description":"Declare and initialise limit variable with a value of 20. We'll check retrieved data values against this limit."},"Get_snapshot":{"runAfter":{"Initialise_limit":["Succeeded"]},"type":"OpenApiConnection","inputs":{"host":{"apiId":"/providers/Microsoft.PowerApps/apis/shared_industrialappstore","connectionName":"shared_industrialappstore","operationId":"ias_getdata_snapshot"},"parameters":{"dsn":"@variables('dsn')","tag":"@variables('oilvol_tag')","nocache":false,"includeProperties":false},"authentication":{"value":"@json(decodeBase64(triggerOutputs().headers['X-MS-APIM-Tokens']))['$ConnectionKey']","type":"Raw"}},"description":"Get current tag value."},"Check_limit":{"actions":{},"runAfter":{"Get_snapshot":["Succeeded"]},"expression":{"greaterOrEquals":["@body('Get_snapshot')?[variables('dsn')]?[variables('oilvol_tag')]?['Values']?['NumericalValue']",130]},"type":"If","description":"Check whether current value is equal or more than a limit."}},"description":"This is an example flow on how to retrieve current tag value from Alba PI data historian. The flow checks whether tag (ALB-FLC_K0801A.PV) has exceeded a limit variable defined in the flow. This could be utilised to alert engineers/business when the volume exceeds the defined limit and populate a word template or send an alert notification. \n\nPlease refer to this example on how to get current (snapshot) process value into Power Automate."},"connectionReferences":{"shared_industrialappstore":{"connectionName":"5f6431d1d45f45aaa6094f88dce56ecc","source":"Invoker","id":"/providers/Microsoft.PowerApps/apis/shared_industrialappstore","tier":"NotSpecified"}},"flowFailureAlertSubscribed":false}}