{"name":"f577d167-52c5-4875-a0b1-aa082c1b4901","id":"/providers/Microsoft.Flow/flows/f577d167-52c5-4875-a0b1-aa082c1b4901","type":"Microsoft.Flow/flows","properties":{"apiId":"/providers/Microsoft.PowerApps/apis/shared_logicflows","displayName":"Challenge 4 - Alba PI - Historical","definition":{"metadata":{"workflowEntityId":null,"flowclientsuspensionreason":"None","flowclientsuspensiontime":null,"creator":{"id":"59deb473-cdfe-44b0-9133-6887cebe66d9","type":"User","tenantId":"982895f5-72ca-418a-a1ef-d484e6515fd5"},"provisioningMethod":"FromDefinition","failureAlertSubscription":true,"clientLastModifiedTime":"2020-09-18T07:57:51.5633044Z"},"$schema":"https://schema.management.azure.com/providers/Microsoft.Logic/schemas/2016-06-01/workflowdefinition.json#","contentVersion":"1.0.0.0","parameters":{"$connections":{"defaultValue":{},"type":"Object"},"$authentication":{"defaultValue":{},"type":"SecureObject"}},"triggers":{"manual":{"type":"Request","kind":"Button","inputs":{"schema":{"type":"object","properties":{},"required":[]}}}},"actions":{"Initialise_tag":{"runAfter":{"Initialise_dsn":["Succeeded"]},"type":"InitializeVariable","inputs":{"variables":[{"name":"oilvol_tag","type":"string","value":"North Brae.1.dry_oil_vol"}]},"description":"Initialise and declare tag variable so we can reuse it later down the line (flow)."},"Initialise_dsn":{"runAfter":{},"type":"InitializeVariable","inputs":{"variables":[{"name":"dsn","type":"string","value":"FCBB05262EADC0B147746EE6DFB2B3EA5C272C33C2C5E3FE8F473D85529461CA.OGA North Sea Production"}]},"description":"Declare and initialise data source name variable."},"Get_data":{"runAfter":{"Initialise_limit":["Succeeded"]},"type":"OpenApiConnection","inputs":{"host":{"apiId":"/providers/Microsoft.PowerApps/apis/shared_industrialappstore","connectionName":"shared_industrialappstore","operationId":"ias_getdata_processed"},"parameters":{"dsn":"@variables('dsn')","tag":"@variables('oilvol_tag')","start":"2001-01-01","end":"2001-03-01","function":"AVG","step":"1d","includeProperties":false},"authentication":{"value":"@json(decodeBase64(triggerOutputs().headers['X-MS-APIM-Tokens']))['$ConnectionKey']","type":"Raw"}},"description":"Get data from on-site historian for further processing."},"Apply_to_each":{"foreach":"@body('Get_data')?[variables('dsn')]?[variables('oilvol_tag')]?['Values']","actions":{"Check_limit":{"actions":{},"runAfter":{},"expression":{"greaterOrEquals":["@items('Apply_to_each')?['NumericValue']","@variables('limit')"]},"type":"If","description":"Check if numerical value retrieved is equal or above the limit."}},"runAfter":{"Get_data":["Succeeded"]},"type":"Foreach"},"Initialise_limit":{"runAfter":{"Initialise_tag":["Succeeded"]},"type":"InitializeVariable","inputs":{"variables":[{"name":"limit","type":"integer","value":20}]},"description":"Declare and initialise limit variable with a value of 20. We'll check retrieved data values against this limit."}},"description":"This is an example flow on how to retrieve historical data values from Alba PI data historian. The flow checks whether tag (ALB-FLC_K0801A.PV) has exceeded a limit variable defined in the flow. If relative timestamps are used this could be utilised to alert engineers/business when the volume exceeds the defined limit and populate a word template. \n\nPlease refer to this example on how to get historical process data into Power Automate."},"connectionReferences":{"shared_industrialappstore":{"connectionName":"5f6431d1d45f45aaa6094f88dce56ecc","source":"Invoker","id":"/providers/Microsoft.PowerApps/apis/shared_industrialappstore","tier":"NotSpecified"}},"flowFailureAlertSubscribed":false}}